{"stats":{"minecraft:killed":{"minecraft:cave_spider":1,"minecraft:spider":3,"grimoireofgaia:orc":11,"minecraft:horse":1,"grimoireofgaia:goblin":9,"minecraft:skeleton":8,"grimoireofgaia:mimic":1,"minecraft:chicken":1,"grimoireofgaia:flesh_lich":1,"grimoireofgaia:spriggan":1,"grimoireofgaia:dullahan":3,"minecraft:pig":3,"grimoireofgaia:banshee":1,"grimoireofgaia:bone_knight":2,"minecraft:salmon":11,"minecraft:rabbit":1,"grimoireofgaia:cobblestone_golem":1,"grimoireofgaia:cecaelia":1,"minecraft:creeper":2,"minecraft:sheep":2,"minecraft:zombie":12,"iceandfire:ghost":3,"grimoireofgaia:harpy":4,"iceandfire:ice_dragon":1,"grimoireofgaia:werecat":2,"minecraft:cow":11},"minecraft:picked_up":{"minecraft:wooden_axe":1,"minecraft:coarse_dirt":1,"minecraft:crafting_table":1,"minecraft:wheat":33,"grimoireofgaia:soulfire":4,"minecraft:chicken":1,"minecraft:leather_leggings":1,"minecraft:stone_slab":2,"iceandfire:frozen_stone":3,"minecraft:string":3,"minecraft:red_bed":1,"minecraft:raw_copper":151,"minecraft:flint_and_steel":2,"minecraft:beetroot":21,"minecraft:cobbled_deepslate":40,"minecraft:gold_nugget":329,"minecraft:beef":26,"minecraft:poppy":1,"minecraft:azalea":2,"minecraft:iron_nugget":32,"minecraft:melon_slice":42,"minecraft:sugar_cane":16,"iceandfire:dragonscales_green":11,"grimoireofgaia:taproot":1,"iceandfire:dragonbone":10,"minecraft:furnace":1,"minecraft:egg":3,"minecraft:dark_oak_sapling":3,"grimoireofgaia:meat":21,"minecraft:stick":7,"minecraft:raw_iron":40,"minecraft:sandstone":11,"weaponmaster:weaponkit":1,"minecraft:torch":1,"minecraft:acacia_log":36,"minecraft:porkchop":8,"minecraft:carrot":59,"weaponmaster:wm_broadswordlarge":1,"minecraft:stone_sword":2,"minecraft:arrow":14,"minecraft:rotten_flesh":4,"grimoireofgaia:bag_book":11,"minecraft:beetroot_seeds":57,"minecraft:hay_block":4,"minecraft:red_tulip":1,"minecraft:obsidian":3,"minecraft:cobblestone":227,"minecraft:lime_bed":9,"minecraft:feather":5,"minecraft:salmon":5,"minecraft:andesite":191,"minecraft:leather":17,"minecraft:potato":46,"iceandfire:ectoplasm":2,"minecraft:gunpowder":1,"simpletomb:grave_key":1,"skilltree:gem":36,"minecraft:lapis_lazuli":12,"minecraft:dirt":19,"minecraft:paper":2,"minecraft:leather_boots":1,"minecraft:bone":6,"minecraft:stone_bricks":2,"minecraft:bow":1,"minecraft:orange_tulip":1,"minecraft:wheat_seeds":109,"minecraft:raw_gold":21,"minecraft:rabbit_hide":2,"minecraft:stone_pickaxe":3,"minecraft:rabbit":1,"minecraft:glass_bottle":1,"iceandfire:fire_dragon_flesh":1,"minecraft:moss_block":11,"minecraft:acacia_sapling":5,"minecraft:book":1,"iceandfire:ash":1,"iceandfire:dragon_skull_fire":1,"minecraft:gravel":1,"minecraft:sand":2,"minecraft:ink_sac":3,"minecraft:dark_oak_log":12,"minecraft:spider_eye":1,"grimoireofgaia:shiny_pearl":3,"weaponmaster:taglockkit":1,"iceandfire:silver_pickaxe":1,"minecraft:diamond":12,"minecraft:granite":12,"minecraft:crossbow":1,"minecraft:bone_meal":3,"minecraft:bread":4,"iceandfire:silver_nugget":8,"minecraft:acacia_slab":2,"minecraft:melon_seeds":7,"minecraft:coal":104,"minecraft:stripped_dark_oak_log":1,"iceandfire:raw_silver":29},"minecraft:broken":{"minecraft:stone_pickaxe":1},"minecraft:killed_by":{"minecraft:player":1,"iceandfire:deathworm":1,"grimoireofgaia:orc":1,"minecraft:creeper":1,"grimoireofgaia:goblin":2,"grimoireofgaia:shaman":2,"minecraft:skeleton":1,"grimoireofgaia:harpy":1,"iceandfire:fire_dragon":6,"iceandfire:myrmex_sentinel":1},"minecraft:crafted":{"iceandfire:armor_green_leggings":1,"minecraft:iron_nugget":18,"weaponmaster:taglockkit":1,"minecraft:furnace":3,"iceandfire:armor_copper_metal_leggings":2,"minecraft:bone_meal":12,"minecraft:heavy_weighted_pressure_plate":9,"iceandfire:armor_copper_metal_boots":1,"iceandfire:armor_copper_metal_helmet":1,"jet_and_elias_armors:mercenary_gear_helmet":2,"minecraft:glass":11,"minecraft:dark_oak_door":3,"iceandfire:armor_silver_metal_chestplate":1,"minecraft:iron_boots":1,"jet_and_elias_armors:mercenary_gear_chestplate":2,"iceandfire:armor_copper_metal_chestplate":1,"minecraft:chest":6,"minecraft:dark_oak_planks":36,"minecraft:stone_hoe":1,"minecraft:smoker":1,"minecraft:wheat":36,"iceandfire:silver_axe":1,"minecraft:cooked_beef":7,"minecraft:emerald":18,"iceandfire:silver_ingot":25,"minecraft:cooked_porkchop":8,"minecraft:crafting_table":1,"minecraft:iron_helmet":1,"minecraft:baked_potato":55,"minecraft:cooked_salmon":5,"minecraft:copper_ingot":174,"minecraft:bucket":1,"minecraft:bread":71,"minecraft:air":0,"iceandfire:armor_silver_metal_helmet":1,"minecraft:iron_chestplate":1,"minecraft:book":1,"minecraft:paper":12,"minecraft:diamond_pickaxe":1,"minecraft:shield":4,"minecraft:stick":28,"minecraft:iron_ingot":63,"minecraft:iron_block":3,"minecraft:stone_sword":1,"minecraft:iron_leggings":2,"minecraft:gold_ingot":1,"minecraft:anvil":1,"jet_and_elias_armors:mercenary_gear_boots":2,"jet_and_elias_armors:mercenary_gear_leggings":2,"minecraft:acacia_planks":100,"minecraft:torch":28,"iceandfire:silver_pickaxe":3},"minecraft:custom":{"minecraft:mob_kills":101,"minecraft:animals_bred":1,"minecraft:interact_with_crafting_table":98,"minecraft:open_barrel":2,"minecraft:damage_dealt_resisted":281,"minecraft:eat_cake_slice":2,"minecraft:leave_game":5,"minecraft:time_since_death":16612,"minecraft:climb_one_cm":2973,"minecraft:sprint_one_cm":751677,"minecraft:walk_one_cm":539457,"minecraft:damage_blocked_by_shield":1270,"minecraft:drop":47,"minecraft:play_time":289224,"minecraft:deaths":19,"minecraft:sneak_time":2591,"minecraft:walk_under_water_one_cm":33462,"minecraft:jump":6775,"minecraft:walk_on_water_one_cm":83549,"minecraft:total_world_time":289224,"minecraft:interact_with_furnace":133,"minecraft:sleep_in_bed":5,"minecraft:time_since_rest":16631,"minecraft:waystone_activated":2,"minecraft:damage_taken":8915,"minecraft:damage_dealt":6504,"minecraft:swim_one_cm":136594,"minecraft:fly_one_cm":1263533,"minecraft:open_chest":471,"minecraft:crouch_one_cm":6938,"minecraft:interact_with_smoker":35,"minecraft:fall_one_cm":209536},"minecraft:mined":{"minecraft:attached_melon_stem":4,"iceandfire:silver_ore":28,"minecraft:deepslate_diamond_ore":10,"minecraft:jungle_leaves":1,"minecraft:dark_oak_log":12,"minecraft:obsidian":3,"minecraft:granite":8,"iceandfire:frozen_stone":3,"minecraft:acacia_log":34,"minecraft:grass_block":13,"iceandfire:deepslate_silver_ore":1,"minecraft:moss_block":1,"minecraft:sandstone":3,"minecraft:hay_block":4,"minecraft:tall_seagrass":4,"minecraft:furnace":1,"minecraft:carrots":17,"minecraft:iron_ore":30,"minecraft:fire":4,"minecraft:andesite":185,"minecraft:potatoes":13,"iceandfire:gold_pile":21,"minecraft:deepslate_iron_ore":12,"minecraft:azalea":2,"minecraft:stone":219,"minecraft:podzol":1,"minecraft:acacia_leaves":62,"minecraft:red_bed":2,"minecraft:stripped_dark_oak_log":1,"iceandfire:dragon_ice_spikes":3,"minecraft:poppy":1,"minecraft:melon":9,"minecraft:stone_slab":2,"minecraft:tall_grass":9,"minecraft:copper_ore":43,"minecraft:cobblestone":14,"minecraft:deepslate_coal_ore":2,"minecraft:deepslate_gold_ore":21,"minecraft:lapis_ore":2,"minecraft:sugar_cane":5,"minecraft:wall_torch":1,"minecraft:seagrass":1,"minecraft:lime_bed":8,"minecraft:coarse_dirt":1,"minecraft:wheat":35,"minecraft:grass":52,"minecraft:coal_ore":114,"minecraft:beetroots":22,"minecraft:gravel":1,"minecraft:sand":2,"minecraft:dirt":6,"minecraft:deepslate":41,"minecraft:fern":8},"minecraft:used":{"minecraft:moss_carpet":2,"minecraft:stone_sword":18,"minecraft:chest":6,"minecraft:shield":29,"minecraft:stone_hoe":49,"simpletomb:grave_key":147,"minecraft:torch":12,"minecraft:dirt":11,"minecraft:anvil":1,"minecraft:acacia_sapling":5,"minecraft:furnace":3,"minecraft:egg":3,"minecraft:cobbled_deepslate":40,"minecraft:wheat_seeds":25,"minecraft:water_bucket":18,"iceandfire:fire_dragon_flesh":1,"minecraft:rabbit":1,"minecraft:stone_pickaxe":199,"minecraft:baked_potato":28,"minecraft:sand":2,"minecraft:crafting_table":1,"minecraft:lime_bed":8,"minecraft:red_bed":1,"minecraft:crossbow":38,"weaponmaster:wm_broadswordlarge":23,"iceandfire:silver_axe":94,"minecraft:dark_oak_door":1,"minecraft:smoker":1,"iceandfire:silver_pickaxe":574,"minecraft:diamond_pickaxe":5,"minecraft:bread":63,"minecraft:melon_slice":2,"minecraft:gravel":1,"minecraft:stone_axe":57,"minecraft:cobblestone":90,"minecraft:andesite":51,"minecraft:bucket":18,"minecraft:bone_meal":21},"minecraft:dropped":{"minecraft:bread":9,"minecraft:moss_block":11,"minecraft:wheat_seeds":85,"iceandfire:armor_green_leggings":1,"minecraft:crafting_table":1,"simpletomb:grave_key":2,"minecraft:cobblestone":38,"minecraft:crossbow":1,"minecraft:book":1,"minecraft:leather":5,"minecraft:acacia_log":11,"jet_and_elias_armors:mercenary_gear_leggings":1,"minecraft:paper":9,"minecraft:bucket":1,"minecraft:acacia_planks":32,"jet_and_elias_armors:mercenary_gear_chestplate":1,"minecraft:obsidian":3,"minecraft:beetroot":21,"weaponmaster:taglockkit":2,"weaponmaster:wm_broadswordlarge":1,"minecraft:poppy":1,"minecraft:rabbit_hide":1,"minecraft:shield":1,"minecraft:diamond_pickaxe":1,"minecraft:beetroot_seeds":57,"minecraft:melon_seeds":7,"minecraft:azalea":2,"minecraft:sandstone":8,"minecraft:bow":1,"minecraft:stone_pickaxe":1,"iceandfire:silver_pickaxe":1}},"DataVersion":3465}