{"stats":{"minecraft:killed":{"minecraft:spider":5,"grimoireofgaia:minotaurus":1,"minecraft:skeleton":7,"iceandfire:fire_dragon":1,"minecraft:chicken":7,"minecraft:drowned":1,"grimoireofgaia:gravemite":5,"grimoireofgaia:flesh_lich":1,"grimoireofgaia:bone_knight":2,"ars_nouveau:starbuncle":1,"minecraft:creeper":2,"minecraft:sheep":8,"minecraft:zombie":10,"grimoireofgaia:arachne":1,"minecraft:cow":6},"minecraft:picked_up":{"minecraft:crafting_table":3,"minecraft:wheat":40,"minecraft:chicken":7,"minecraft:ladder":18,"minecraft:clay_ball":1,"minecraft:smithing_table":1,"minecraft:brewing_stand":1,"minecraft:moss_carpet":2,"minecraft:string":11,"minecraft:red_bed":4,"minecraft:raw_copper":45,"minecraft:sea_pickle":4,"minecraft:cobbled_deepslate":11,"minecraft:gold_nugget":2,"minecraft:beef":13,"minecraft:oak_boat":2,"minecraft:iron_nugget":1,"minecraft:chest":1,"minecraft:iron_boots":1,"iceandfire:dragonscales_green":9,"iceandfire:dragonbone":8,"minecraft:raw_iron":94,"minecraft:sandstone":251,"minecraft:acacia_fence":1,"minecraft:brown_terracotta":1,"minecraft:torch":26,"minecraft:acacia_log":17,"minecraft:orange_bed":2,"minecraft:arrow":7,"minecraft:rotten_flesh":3,"minecraft:hay_block":47,"iceandfire:fire_dragon_heart":1,"minecraft:yellow_terracotta":2,"minecraft:white_terracotta":6,"minecraft:mutton":7,"minecraft:cobblestone":3111,"minecraft:white_wool":8,"minecraft:feather":15,"minecraft:andesite":29,"minecraft:leather":8,"minecraft:acacia_wood":2,"minecraft:flint":3,"minecraft:tuff":2,"minecraft:oak_log":25,"minecraft:lapis_lazuli":9,"minecraft:gunpowder":1,"minecraft:cobblestone_stairs":1,"skilltree:gem":39,"minecraft:lantern":1,"minecraft:dirt":415,"minecraft:smooth_sandstone":3,"minecraft:bone":8,"minecraft:bow":1,"minecraft:wheat_seeds":118,"minecraft:raw_gold":15,"iceandfire:fire_dragon_flesh":7,"minecraft:acacia_sapling":1,"minecraft:gravel":25,"iceandfire:dragon_skull_fire":1,"minecraft:sand":8,"minecraft:spruce_sapling":3,"minecraft:white_bed":1,"minecraft:spider_eye":3,"minecraft:light_gray_terracotta":1,"minecraft:diamond":7,"minecraft:spruce_sign":2,"minecraft:bread":16,"minecraft:oak_sapling":2,"minecraft:melon_seeds":2,"minecraft:coal":215,"iceandfire:raw_silver":20},"minecraft:killed_by":{"grimoireofgaia:arachne":10,"grimoireofgaia:flesh_lich":1,"grimoireofgaia:bone_knight":16,"minecraft:cave_spider":9,"iceandfire:fire_dragon":18},"minecraft:crafted":{"minecraft:oak_planks":100,"minecraft:stone_shovel":4,"minecraft:cooked_chicken":7,"minecraft:furnace":7,"minecraft:cobblestone_stairs":36,"minecraft:bone_meal":18,"minecraft:flint_and_steel":1,"minecraft:iron_boots":1,"minecraft:ladder":9,"minecraft:stone_pickaxe":14,"minecraft:chest":7,"minecraft:stone_hoe":1,"minecraft:wheat":422,"iceandfire:silver_ingot":14,"minecraft:crafting_table":5,"minecraft:iron_helmet":1,"minecraft:wooden_pickaxe":1,"minecraft:stone_axe":1,"minecraft:bread":141,"minecraft:air":0,"minecraft:oak_boat":1,"minecraft:iron_chestplate":1,"minecraft:shield":1,"minecraft:stick":120,"minecraft:iron_ingot":29,"minecraft:iron_pickaxe":4,"minecraft:stone_sword":2,"minecraft:white_bed":2,"minecraft:acacia_planks":68,"minecraft:torch":148,"iceandfire:silver_pickaxe":4},"minecraft:broken":{"minecraft:leather_helmet":1,"minecraft:stone_sword":1,"minecraft:leather_leggings":1,"iceandfire:silver_pickaxe":2,"minecraft:stone_pickaxe":14,"minecraft:shield":1,"minecraft:iron_pickaxe":4,"minecraft:iron_helmet":1,"minecraft:stone_shovel":3},"minecraft:custom":{"minecraft:mob_kills":63,"minecraft:interact_with_crafting_table":57,"minecraft:open_barrel":8,"minecraft:bell_ring":1,"minecraft:damage_dealt_resisted":228,"minecraft:leave_game":5,"minecraft:time_since_death":22065,"minecraft:climb_one_cm":23148,"minecraft:sprint_one_cm":657490,"minecraft:walk_one_cm":1443930,"minecraft:damage_blocked_by_shield":870,"minecraft:drop":55,"minecraft:talked_to_villager":2,"minecraft:play_time":372422,"minecraft:deaths":56,"minecraft:sneak_time":7771,"minecraft:walk_under_water_one_cm":47696,"minecraft:boat_one_cm":149085,"minecraft:jump":5629,"minecraft:walk_on_water_one_cm":94548,"minecraft:total_world_time":372422,"minecraft:interact_with_furnace":18,"minecraft:interact_with_loom":1,"minecraft:sleep_in_bed":9,"minecraft:time_since_rest":22083,"minecraft:damage_taken":19138,"minecraft:damage_dealt":15450,"minecraft:swim_one_cm":166092,"minecraft:fly_one_cm":603371,"minecraft:open_chest":157,"minecraft:crouch_one_cm":19140,"minecraft:interact_with_smoker":1,"minecraft:use_cauldron":1,"minecraft:fall_one_cm":81294},"minecraft:used":{"minecraft:moss_carpet":2,"minecraft:stone_sword":174,"minecraft:flint_and_steel":3,"minecraft:stone_shovel":431,"minecraft:ladder":27,"minecraft:shield":41,"minecraft:chest":8,"minecraft:white_terracotta":4,"minecraft:iron_sword":231,"minecraft:cooked_chicken":7,"minecraft:stone_hoe":98,"simpletomb:grave_key":54,"minecraft:orange_bed":2,"minecraft:torch":174,"minecraft:brewing_stand":1,"minecraft:dirt":119,"minecraft:brown_terracotta":1,"minecraft:lava_bucket":66,"minecraft:lantern":1,"minecraft:smooth_sandstone":1,"minecraft:oak_sapling":2,"minecraft:furnace":5,"minecraft:acacia_fence":1,"minecraft:acacia_planks":1,"minecraft:wheat_seeds":100,"minecraft:water_bucket":36,"minecraft:cobblestone_stairs":37,"minecraft:stone_pickaxe":1834,"minecraft:wooden_pickaxe":10,"minecraft:crafting_table":8,"minecraft:red_bed":4,"minecraft:white_bed":3,"iceandfire:silver_pickaxe":1019,"minecraft:apple":1,"minecraft:bread":107,"minecraft:iron_pickaxe":1002,"minecraft:spruce_sapling":7,"minecraft:stone_axe":73,"minecraft:cobblestone":137,"minecraft:andesite":1,"minecraft:bucket":101,"minecraft:pumpkin_pie":2,"minecraft:oak_boat":3,"minecraft:sea_pickle":4,"minecraft:bone_meal":18},"minecraft:dropped":{"minecraft:spruce_sign":2,"minecraft:bread":65,"minecraft:wheat_seeds":9,"minecraft:smithing_table":1,"minecraft:feather":6,"minecraft:dirt":1,"skilltree:gem":12,"minecraft:map":1,"minecraft:gold_nugget":2,"minecraft:sand":8,"minecraft:string":4,"minecraft:smooth_sandstone":2,"minecraft:acacia_planks":1,"minecraft:gravel":5,"minecraft:iron_nugget":1,"minecraft:light_gray_terracotta":1,"minecraft:tuff":2,"minecraft:wheat":38,"minecraft:clay_ball":1,"minecraft:iron_boots":2,"minecraft:white_terracotta":2,"minecraft:skeleton_skull":1,"minecraft:andesite":4,"minecraft:acacia_sapling":1,"minecraft:spider_eye":2,"minecraft:wooden_pickaxe":1},"minecraft:mined":{"minecraft:yellow_terracotta":2,"minecraft:diamond_ore":1,"minecraft:tuff":1,"minecraft:white_bed":1,"iceandfire:silver_ore":19,"minecraft:deepslate_diamond_ore":6,"minecraft:cobblestone_stairs":1,"minecraft:brewing_stand":1,"minecraft:granite":4,"minecraft:ladder":18,"minecraft:acacia_log":18,"minecraft:grass_block":78,"iceandfire:deepslate_silver_ore":1,"minecraft:sandstone":251,"minecraft:hay_block":47,"minecraft:spruce_sapling":2,"minecraft:iron_ore":36,"minecraft:fire":18,"minecraft:acacia_wood":3,"minecraft:andesite":93,"minecraft:deepslate_iron_ore":58,"minecraft:dirt_path":28,"minecraft:stone":3087,"minecraft:orange_bed":3,"minecraft:smithing_table":1,"minecraft:acacia_leaves":1,"minecraft:red_bed":4,"minecraft:blackstone":11,"minecraft:smooth_sandstone":3,"minecraft:crafting_table":3,"minecraft:torch":13,"minecraft:light_gray_terracotta":1,"minecraft:chest":1,"minecraft:tall_grass":12,"minecraft:copper_ore":12,"minecraft:cobblestone":25,"minecraft:deepslate_gold_ore":10,"minecraft:lapis_ore":1,"minecraft:wall_torch":11,"minecraft:white_terracotta":5,"minecraft:sea_pickle":2,"minecraft:wheat":36,"minecraft:grass":21,"minecraft:oak_log":26,"minecraft:coal_ore":216,"minecraft:acacia_fence":1,"minecraft:gravel":38,"minecraft:sand":8,"minecraft:dirt":316,"minecraft:brown_terracotta":1,"minecraft:deepslate":9,"minecraft:gold_ore":5,"minecraft:oak_leaves":1,"minecraft:fern":5}},"DataVersion":3465}