{"stats":{"minecraft:killed":{"minecraft:skeleton":2,"grimoireofgaia:mummy":1,"grimoireofgaia:gravemite":7},"minecraft:picked_up":{"minecraft:coarse_dirt":1,"iceandfire:ghost_chest":1,"minecraft:torch":3,"minecraft:green_bed":4,"minecraft:wooden_pickaxe":1,"simpletomb:grave_key":1,"minecraft:dirt":5,"minecraft:moss_carpet":2,"minecraft:smooth_sandstone":1,"minecraft:stone_sword":2,"minecraft:bone":2,"minecraft:arrow":38,"minecraft:stone_bricks":1,"minecraft:cracked_stone_bricks":1,"minecraft:gold_nugget":1,"minecraft:crossbow":1,"weaponmaster:tutorialbook":1,"minecraft:bread":17,"minecraft:chainmail_helmet":1,"minecraft:iron_nugget":1,"minecraft:moss_block":9,"minecraft:acacia_sapling":1,"minecraft:iron_sword":1,"minecraft:mutton":3,"minecraft:flowering_azalea":1,"minecraft:white_wool":2,"iceandfire:raw_silver":2,"minecraft:cobblestone":2},"minecraft:killed_by":{"minecraft:skeleton":1},"minecraft:custom":{"minecraft:time_since_rest":302,"minecraft:damage_taken":2247,"minecraft:sprint_one_cm":268492,"minecraft:walk_one_cm":228146,"minecraft:trigger_trapped_chest":1,"minecraft:mob_kills":10,"minecraft:drop":9,"minecraft:damage_dealt":1053,"minecraft:swim_one_cm":57753,"minecraft:fly_one_cm":395950,"minecraft:open_barrel":1,"minecraft:open_chest":14,"minecraft:bell_ring":6,"minecraft:play_time":69721,"minecraft:crouch_one_cm":2576,"minecraft:deaths":4,"minecraft:sneak_time":724,"minecraft:walk_under_water_one_cm":7397,"minecraft:jump":2196,"minecraft:damage_dealt_resisted":6,"minecraft:interact_with_brewingstand":2,"minecraft:interact_with_grindstone":2,"minecraft:leave_game":5,"minecraft:interact_with_blast_furnace":1,"minecraft:time_since_death":237,"minecraft:walk_on_water_one_cm":35609,"minecraft:sleep_in_bed":1,"minecraft:total_world_time":69721,"minecraft:climb_one_cm":1406,"minecraft:fall_one_cm":66448},"minecraft:mined":{"minecraft:coarse_dirt":1,"minecraft:moss_carpet":2,"minecraft:torch":1,"minecraft:grass":1,"minecraft:grass_block":5,"minecraft:vine":4,"minecraft:dead_bush":4,"minecraft:small_dripleaf":1,"minecraft:moss_block":7,"minecraft:wall_torch":2,"minecraft:green_bed":4},"minecraft:dropped":{"iceandfire:raw_silver":1,"minecraft:moss_carpet":1,"minecraft:moss_block":1,"minecraft:stone_sword":1,"weaponmaster:tutorialbook":1,"simpletomb:grave_key":1,"minecraft:acacia_sapling":1,"minecraft:cobblestone":1,"minecraft:clay_ball":1},"minecraft:used":{"minecraft:moss_block":6,"minecraft:stone_sword":70,"minecraft:bread":31,"minecraft:iron_sword":6,"simpletomb:grave_key":13,"minecraft:white_wool":2,"minecraft:cobblestone":1,"minecraft:green_bed":1,"minecraft:dirt":5,"minecraft:mutton":3,"minecraft:crossbow":9,"minecraft:potato":10}},"DataVersion":3465}