{"stats":{"minecraft:killed":{"minecraft:spider":2,"grimoireofgaia:orc":1,"iceandfire:deathworm":1,"minecraft:husk":1,"grimoireofgaia:cecaelia":2,"iceandfire:cockatrice":1,"minecraft:zombie":3,"grimoireofgaia:werecat":1,"minecraft:enderman":1,"minecraft:cow":3},"minecraft:picked_up":{"ars_nouveau:caster_tome":2,"minecraft:charcoal":6,"minecraft:crafting_table":2,"minecraft:wheat":2,"minecraft:ladder":3,"minecraft:brown_mushroom":1,"minecraft:wither_rose":4,"minecraft:cornflower":1,"minecraft:lapis_block":32,"minecraft:string":17,"minecraft:red_bed":3,"minecraft:moss_carpet":2,"minecraft:raw_copper":35,"iceandfire:armor_green_leggings":1,"minecraft:white_carpet":1,"minecraft:cobbled_deepslate":15,"minecraft:bucket":1,"minecraft:beef":7,"minecraft:iron_nugget":9,"minecraft:chest":2,"grimoireofgaia:taproot":1,"minecraft:egg":1,"minecraft:dark_oak_door":1,"iceandfire:dragonbone":7,"minecraft:dark_oak_sapling":4,"iceandfire:dragonscales_green":17,"minecraft:stick":4,"minecraft:raw_iron":39,"minecraft:sandstone":15,"weaponmaster:weaponkit":1,"minecraft:torch":1,"minecraft:acacia_log":5,"minecraft:spruce_fence":2,"iceandfire:rotten_egg":1,"iceandfire:deathworm_chitin_white":9,"minecraft:stone_sword":2,"minecraft:arrow":1,"minecraft:rotten_flesh":14,"grimoireofgaia:bag_book":1,"minecraft:hay_block":31,"minecraft:obsidian":33,"minecraft:skeleton_skull":2,"minecraft:bone_block":32,"minecraft:cobblestone":103,"minecraft:lime_bed":1,"minecraft:leather_chestplate":1,"minecraft:feather":2,"minecraft:jungle_log":7,"minecraft:andesite":272,"minecraft:leather":3,"minecraft:cut_sandstone":1,"grimoireofgaia:bone_shield":1,"minecraft:flint":1,"minecraft:oak_log":13,"simpletomb:grave_key":4,"minecraft:lapis_lazuli":25,"skilltree:gem":20,"minecraft:dirt":18,"minecraft:lantern":1,"minecraft:orange_terracotta":2,"minecraft:smooth_sandstone":8,"minecraft:bone":1,"minecraft:orange_tulip":1,"minecraft:wheat_seeds":5,"minecraft:raw_gold":1,"minecraft:stone_pickaxe":2,"minecraft:cooked_chicken":1,"minecraft:rabbit":2,"minecraft:gravel":18,"minecraft:jungle_planks":4,"minecraft:sand":1,"minecraft:ink_sac":4,"minecraft:grass_block":1,"minecraft:spider_eye":1,"minecraft:leather_helmet":1,"weaponmaster:taglockkit":1,"minecraft:stripped_acacia_log":1,"iceandfire:silver_pickaxe":1,"minecraft:clay":2,"minecraft:bread":22,"minecraft:ender_pearl":1,"minecraft:coal":53,"iceandfire:raw_silver":8,"minecraft:diamond_pickaxe":1},"minecraft:broken":{"iceandfire:silver_pickaxe":1,"minecraft:wooden_pickaxe":1,"minecraft:stone_pickaxe":2,"iceandfire:armor_copper_metal_leggings":1,"minecraft:wooden_axe":1},"minecraft:killed_by":{"iceandfire:deathworm":1,"minecraft:creeper":1,"grimoireofgaia:flesh_lich":1,"grimoireofgaia:bone_knight":3,"iceandfire:ice_dragon":1,"grimoireofgaia:minotaurus":1,"grimoireofgaia:deathword":1,"minecraft:skeleton":1,"iceandfire:ghost":1,"iceandfire:fire_dragon":11},"minecraft:crafted":{"minecraft:oak_planks":52,"minecraft:furnace":2,"minecraft:bone_meal":276,"minecraft:flint_and_steel":1,"minecraft:iron_boots":1,"iceandfire:armor_green_helmet":1,"minecraft:stone_pickaxe":1,"minecraft:chest":2,"minecraft:wheat":279,"iceandfire:silver_ingot":6,"minecraft:crafting_table":1,"minecraft:wooden_pickaxe":1,"minecraft:iron_helmet":1,"minecraft:copper_ingot":12,"minecraft:bucket":2,"iceandfire:armor_green_chestplate":1,"minecraft:bread":113,"minecraft:jungle_planks":26,"minecraft:shield":1,"minecraft:stick":16,"minecraft:iron_ingot":11,"minecraft:wooden_axe":1,"minecraft:gold_ingot":22,"minecraft:acacia_planks":22,"iceandfire:silver_pickaxe":1,"minecraft:lapis_lazuli":288,"iceandfire:armor_green_boots":1},"minecraft:custom":{"minecraft:mob_kills":16,"minecraft:interact_with_crafting_table":26,"minecraft:open_barrel":7,"minecraft:bell_ring":1,"minecraft:leave_game":3,"minecraft:time_since_death":33342,"minecraft:climb_one_cm":6420,"minecraft:sprint_one_cm":163938,"minecraft:walk_one_cm":1258642,"minecraft:damage_blocked_by_shield":2780,"minecraft:drop":51,"minecraft:talked_to_villager":8,"minecraft:play_time":300039,"minecraft:deaths":28,"minecraft:sneak_time":13752,"minecraft:walk_under_water_one_cm":68769,"minecraft:interact_with_lectern":9,"minecraft:jump":2743,"minecraft:interact_with_brewingstand":2,"minecraft:walk_on_water_one_cm":62856,"minecraft:total_world_time":300039,"minecraft:interact_with_furnace":31,"minecraft:interact_with_cartography_table":2,"minecraft:interact_with_grindstone":1,"minecraft:sleep_in_bed":10,"minecraft:time_since_rest":33374,"minecraft:waystone_activated":4,"minecraft:damage_taken":11237,"minecraft:trigger_trapped_chest":5,"minecraft:damage_dealt":1811,"minecraft:swim_one_cm":40367,"minecraft:fly_one_cm":176275,"minecraft:open_chest":307,"minecraft:crouch_one_cm":34737,"minecraft:aviate_one_cm":4485304,"minecraft:interact_with_smoker":3,"minecraft:fall_one_cm":83418},"minecraft:mined":{"iceandfire:silver_ore":7,"minecraft:obsidian":32,"minecraft:granite":2,"minecraft:ladder":6,"minecraft:acacia_log":5,"minecraft:grass_block":1,"minecraft:jungle_log":6,"minecraft:potted_azalea_bush":1,"minecraft:sandstone":15,"iceandfire:myrmex_desert_biolight":1,"minecraft:hay_block":32,"minecraft:iron_ore":26,"minecraft:fire":6,"minecraft:andesite":275,"minecraft:moss_carpet":2,"minecraft:deepslate_lapis_ore":3,"minecraft:vine":1,"minecraft:deepslate_iron_ore":14,"minecraft:stripped_acacia_log":1,"minecraft:stone":101,"minecraft:bone_block":32,"minecraft:red_bed":2,"minecraft:orange_terracotta":4,"minecraft:smooth_sandstone":7,"minecraft:crafting_table":2,"minecraft:chest":2,"minecraft:campfire":2,"minecraft:tall_grass":4,"minecraft:copper_ore":12,"minecraft:cobblestone":10,"minecraft:deepslate_gold_ore":1,"minecraft:skeleton_skull":2,"minecraft:dark_oak_door":1,"minecraft:lapis_block":32,"minecraft:wither_rose":1,"minecraft:grass":37,"minecraft:coal_ore":43,"minecraft:oak_log":13,"minecraft:gravel":19,"minecraft:sand":1,"minecraft:deepslate":14,"minecraft:fern":5},"minecraft:used":{"minecraft:moss_carpet":2,"grimoireofgaia:bone_shield":2,"minecraft:stone_sword":117,"minecraft:flint_and_steel":6,"minecraft:ladder":3,"minecraft:chest":4,"minecraft:shield":44,"simpletomb:grave_key":41,"minecraft:torch":1,"minecraft:jungle_planks":24,"iceandfire:frozen_grass":2,"minecraft:spruce_fence":1,"minecraft:obsidian":26,"minecraft:wooden_axe":62,"minecraft:lava_bucket":18,"minecraft:grass_block":1,"minecraft:smooth_sandstone":5,"minecraft:furnace":2,"ars_nouveau:sourceberry_bush":7,"minecraft:skeleton_skull":2,"minecraft:egg":2,"iceandfire:armor_green_leggings":1,"minecraft:cobbled_deepslate":15,"minecraft:acacia_planks":24,"minecraft:orange_terracotta":2,"minecraft:water_bucket":31,"minecraft:leather_leggings":1,"weaponmaster:wm_rapierlarge":27,"minecraft:stone_pickaxe":183,"minecraft:oak_planks":12,"minecraft:spruce_sign":1,"minecraft:wooden_pickaxe":59,"minecraft:sandstone":15,"minecraft:brown_mushroom":1,"minecraft:leather_boots":1,"minecraft:sand":1,"minecraft:crafting_table":1,"minecraft:red_bed":3,"minecraft:dark_oak_door":3,"iceandfire:silver_pickaxe":338,"minecraft:diamond_pickaxe":59,"minecraft:apple":2,"minecraft:bread":75,"grimoireofgaia:taproot":1,"minecraft:cobblestone":84,"minecraft:potion":2,"minecraft:andesite":41,"minecraft:bucket":50},"minecraft:dropped":{"minecraft:bread":2,"minecraft:clay":2,"minecraft:wheat_seeds":5,"minecraft:glass_bottle":1,"minecraft:dark_oak_sapling":4,"simpletomb:grave_key":6,"minecraft:orange_tulip":1,"minecraft:jungle_planks":4,"minecraft:dirt":18,"minecraft:green_dye":1,"minecraft:cornflower":1,"skilltree:gem":2,"minecraft:wither_rose":4,"minecraft:smooth_sandstone":1,"ars_nouveau:caster_tome":2,"minecraft:bone":16,"minecraft:stone_sword":1,"minecraft:obsidian":1,"minecraft:wheat":4,"minecraft:rotten_flesh":2,"weaponmaster:taglockkit":1,"minecraft:leather_chestplate":2,"minecraft:lime_bed":1,"minecraft:diamond_chestplate":1,"minecraft:charcoal":2,"minecraft:andesite":1,"minecraft:stone_pickaxe":1,"iceandfire:silver_pickaxe":1,"minecraft:egg":1}},"DataVersion":3465}