{"stats":{"minecraft:killed":{"minecraft:spider":10,"grimoireofgaia:minotaurus":4,"grimoireofgaia:goblin":4,"minecraft:skeleton":13,"grimoireofgaia:mimic":1,"iceandfire:fire_dragon":2,"iceandfire:deathworm":2,"grimoireofgaia:mandragora":1,"grimoireofgaia:flesh_lich":2,"grimoireofgaia:spriggan":1,"grimoireofgaia:dullahan":1,"minecraft:husk":4,"minecraft:pig":10,"grimoireofgaia:banshee":1,"grimoireofgaia:bone_knight":4,"minecraft:salmon":14,"grimoireofgaia:cecaelia":3,"minecraft:creeper":5,"minecraft:squid":2,"minecraft:sheep":2,"minecraft:zombie":12,"iceandfire:ghost":4,"grimoireofgaia:deathword":2,"grimoireofgaia:harpy":6,"grimoireofgaia:werecat":4,"minecraft:enderman":1,"minecraft:cow":1},"minecraft:picked_up":{"iceandfire:dragon_skull_lightning":1,"minecraft:coarse_dirt":2,"grimoireofgaia:soulfire":2,"minecraft:anvil":1,"minecraft:brown_mushroom":1,"minecraft:wither_rose":3,"minecraft:enchanted_book":2,"minecraft:shield":1,"iceandfire:frozen_grass":2,"iceandfire:manuscript":15,"minecraft:string":4,"jet_and_elias_armors:mercenary_gear_chestplate":2,"minecraft:gold_nugget":81,"minecraft:cobbled_deepslate":8,"minecraft:beef":1,"minecraft:white_tulip":4,"minecraft:azalea":1,"minecraft:iron_nugget":10,"minecraft:melon_slice":3,"minecraft:birch_sapling":1,"iceandfire:ice_dragon_heart":1,"iceandfire:dragonscales_gray":18,"iceandfire:dragonscales_green":22,"grimoireofgaia:taproot":2,"iceandfire:dragonbone":40,"ars_nouveau:purple_archwood_log":14,"minecraft:raw_iron":55,"minecraft:stick":1,"minecraft:sandstone":5,"iceandfire:ghost_chest":1,"grimoireofgaia:meat":7,"iceandfire:deathworm_chitin_red":6,"minecraft:torch":1,"minecraft:acacia_log":16,"minecraft:porkchop":16,"iceandfire:deathworm_chitin_white":2,"minecraft:redstone":5,"iceandfire:deathworm_egg_giant":1,"iceandfire:dragon_skull_ice":1,"minecraft:diamond_chestplate":1,"minecraft:rotten_flesh":37,"iceandfire:silver_ingot":2,"minecraft:stone_sword":1,"minecraft:arrow":18,"iceandfire:dragonscales_silver":20,"minecraft:hay_block":11,"iceandfire:fire_dragon_heart":2,"minecraft:gold_ingot":1,"minecraft:obsidian":3,"minecraft:cobblestone":119,"minecraft:salmon":8,"minecraft:andesite":5,"minecraft:leather":8,"grimoireofgaia:bone_shield":1,"iceandfire:ectoplasm":9,"skilltree:gem":20,"minecraft:lapis_lazuli":12,"minecraft:dirt":11,"minecraft:paper":10,"minecraft:leather_boots":2,"jet_and_elias_armors:mercenary_gear_leggings":1,"minecraft:smooth_sandstone":1,"minecraft:bone":22,"minecraft:acacia_planks":53,"minecraft:stone_bricks":2,"minecraft:bow":1,"minecraft:wheat_seeds":13,"minecraft:raw_gold":14,"minecraft:rabbit_hide":1,"minecraft:iron_ingot":1,"minecraft:cobweb":2,"travelersbackpack:coal":7,"minecraft:rabbit":3,"minecraft:moss_block":2,"iceandfire:fire_dragon_flesh":8,"minecraft:book":1,"grimoireofgaia:zombie_staff":2,"grimoireofgaia:box_overworld":1,"minecraft:dandelion":2,"minecraft:sand":1,"minecraft:ink_sac":4,"minecraft:spider_eye":2,"grimoireofgaia:shiny_pearl":6,"weaponmaster:taglockkit":2,"iceandfire:silver_sword":1,"waystones:waystone":1,"minecraft:iron_helmet":1,"minecraft:granite":4,"minecraft:crossbow":1,"minecraft:bone_meal":2,"minecraft:bread":29,"minecraft:chainmail_helmet":1,"minecraft:coal":85,"iceandfire:raw_silver":1,"minecraft:ender_pearl":1},"minecraft:killed_by":{"grimoireofgaia:anubis":1,"grimoireofgaia:flesh_lich":1,"grimoireofgaia:bone_knight":3,"iceandfire:ice_dragon":1,"grimoireofgaia:minotaurus":2,"grimoireofgaia:deathword":1,"iceandfire:fire_dragon":5},"minecraft:broken":{"minecraft:iron_boots":1,"minecraft:shield":2,"minecraft:iron_helmet":1},"minecraft:crafted":{"minecraft:furnace":1,"iceandfire:lectern":1,"minecraft:bookshelf":1,"weaponmaster:workstation":1,"minecraft:stone_pickaxe":1,"iceandfire:armor_copper_metal_chestplate":1,"minecraft:chest":2,"weaponmaster:weaponkit":3,"minecraft:cooked_rabbit":3,"minecraft:wheat":99,"iceandfire:silver_ingot":1,"minecraft:crafting_table":1,"minecraft:acacia_slab":6,"minecraft:wooden_pickaxe":1,"minecraft:lectern":1,"iceandfire:bestiary":1,"minecraft:shield":2,"minecraft:stick":36,"minecraft:iron_ingot":65,"minecraft:stone_sword":1,"minecraft:acacia_planks":64,"minecraft:torch":80},"minecraft:custom":{"minecraft:mob_kills":127,"minecraft:interact_with_crafting_table":21,"minecraft:open_barrel":10,"minecraft:damage_dealt_resisted":262,"minecraft:leave_game":3,"minecraft:time_since_death":15288,"minecraft:climb_one_cm":4424,"minecraft:sprint_one_cm":769874,"minecraft:walk_one_cm":724667,"minecraft:damage_blocked_by_shield":4245,"minecraft:drop":87,"minecraft:play_time":252967,"minecraft:deaths":16,"minecraft:sneak_time":2694,"minecraft:walk_under_water_one_cm":107254,"minecraft:jump":5320,"minecraft:walk_on_water_one_cm":188254,"minecraft:total_world_time":252967,"minecraft:interact_with_furnace":31,"minecraft:sleep_in_bed":5,"minecraft:time_since_rest":15328,"minecraft:waystone_activated":2,"minecraft:damage_taken":8964,"minecraft:damage_dealt":12073,"minecraft:player_kills":1,"minecraft:swim_one_cm":148058,"minecraft:fly_one_cm":1106276,"minecraft:open_chest":127,"minecraft:crouch_one_cm":8400,"minecraft:interact_with_smoker":3,"minecraft:fall_one_cm":128481},"minecraft:mined":{"iceandfire:silver_ore":2,"minecraft:granite":4,"minecraft:acacia_log":7,"minecraft:grass_block":7,"iceandfire:frozen_grass":2,"minecraft:moss_block":3,"minecraft:sandstone":5,"minecraft:hay_block":11,"travelersbackpack:coal":5,"minecraft:iron_ore":39,"minecraft:andesite":14,"minecraft:anvil":1,"minecraft:deepslate_iron_ore":15,"minecraft:vine":1,"travelersbackpack:black_sleeping_bag":1,"minecraft:stone":84,"ars_nouveau:purple_archwood_log":7,"minecraft:acacia_leaves":3,"minecraft:brown_mushroom":1,"iceandfire:dragon_ice_spikes":3,"minecraft:smooth_sandstone":2,"minecraft:melon":1,"iceandfire:ghost_chest":2,"minecraft:dead_bush":1,"minecraft:tall_grass":12,"minecraft:deepslate_coal_ore":5,"minecraft:lapis_ore":2,"minecraft:deepslate_gold_ore":14,"minecraft:seagrass":2,"minecraft:coarse_dirt":2,"minecraft:ice":1,"minecraft:birch_leaves":2,"iceandfire:ash":3,"minecraft:wither_rose":1,"minecraft:grass":44,"minecraft:coal_ore":80,"minecraft:dirt":5,"minecraft:sand":1,"minecraft:cracked_stone_bricks":1,"minecraft:stone_bricks":3,"minecraft:small_dripleaf":1,"minecraft:deepslate":10,"minecraft:fern":2},"minecraft:dropped":{"minecraft:bread":17,"minecraft:iron_sword":1,"minecraft:wheat_seeds":11,"minecraft:brown_mushroom":1,"minecraft:diamond":2,"iceandfire:dragonscales_green":22,"minecraft:crossbow":2,"iceandfire:armor_copper_metal_chestplate":1,"iceandfire:fire_dragon_flesh":1,"minecraft:leather":3,"minecraft:granite":4,"grimoireofgaia:shiny_pearl":4,"minecraft:chainmail_helmet":1,"minecraft:flint":3,"minecraft:cobweb":2,"minecraft:ink_sac":4,"grimoireofgaia:taproot":2,"minecraft:bone_meal":2,"minecraft:wither_rose":3,"minecraft:acacia_planks":21,"minecraft:dandelion":2,"iceandfire:dragonbone":24,"minecraft:white_tulip":4,"minecraft:iron_nugget":9,"minecraft:cobbled_deepslate":8,"minecraft:stone_sword":2,"minecraft:birch_sapling":1,"minecraft:rotten_flesh":14,"weaponmaster:taglockkit":1,"iceandfire:dragon_skull_ice":1,"grimoireofgaia:bone_shield":1,"weaponmaster:weaponkit":2,"iceandfire:ghost_chest":1,"minecraft:andesite":5,"minecraft:acacia_slab":2,"minecraft:leather_boots":2,"minecraft:stone_bricks":2,"minecraft:spider_eye":1,"minecraft:arrow":35,"minecraft:wooden_pickaxe":1,"iceandfire:armor_copper_metal_leggings":1},"minecraft:used":{"iceandfire:lectern":1,"minecraft:stone_sword":7,"iceandfire:silver_sword":168,"iceandfire:armor_copper_metal_leggings":1,"minecraft:chest":2,"minecraft:shield":110,"minecraft:iron_sword":30,"grimoireofgaia:soulfire":7,"weaponmaster:workstation":1,"simpletomb:grave_key":44,"minecraft:torch":49,"minecraft:dirt":11,"jet_and_elias_armors:mercenary_gear_boots":1,"weaponmaster:wm_broadsword":52,"jet_and_elias_armors:mercenary_gear_leggings":1,"minecraft:furnace":1,"iceandfire:fire_dragon_flesh":1,"minecraft:iron_ore":3,"jet_and_elias_armors:mercenary_gear_helmet":1,"minecraft:stone_pickaxe":11,"minecraft:baked_potato":14,"minecraft:wooden_pickaxe":58,"travelersbackpack:coal":12,"minecraft:crafting_table":1,"minecraft:crossbow":17,"waystones:waystone":1,"minecraft:apple":40,"iceandfire:armor_copper_metal_chestplate":1,"minecraft:melon_slice":3,"minecraft:bread":74,"minecraft:iron_pickaxe":234,"minecraft:cobblestone":65,"minecraft:cooked_rabbit":3,"minecraft:coarse_dirt":1}},"DataVersion":3465}